"","StartDate","EndDate","Status","Progress","Duration (in seconds)","Finished","RecordedDate","DistributionChannel","UserLanguage","competence_1","competence_2","competence_3","competence_4","competence_DO_1","competence_DO_2","competence_DO_3","competence_DO_4","intelligence_1","intelligence_2","intelligence_3","intelligence_4","intelligence_DO_1","intelligence_DO_2","intelligence_DO_3","intelligence_DO_4","fid_manip_1","fid_manip_2","fid_manip_3","fid_manip_4","fid_manip_5","fid_manip_DO_1","fid_manip_DO_2","fid_manip_DO_3","fid_manip_DO_4","fid_manip_DO_5","fie_manip_1","fie_manip_2","fie_manip_3","fie_manip_4","fie_manip_5","fie_manip_DO_1","fie_manip_DO_2","fie_manip_DO_3","fie_manip_DO_4","fie_manip_DO_5","failure_1","failure_2","failure_3","failure_4","failure_5","failure_6","failure_DO_1","failure_DO_2","failure_DO_3","failure_DO_4","failure_DO_5","failure_DO_6","dem_childage","dem_childage_other","dem_education","dem_raceethnicity_1","dem_raceethnicity_2","dem_raceethnicity_3","dem_raceethnicity_4","dem_raceethnicity_5","dem_raceethnicity_6","dem_raceethnicity_7","dem_raceethnicity_8","dem_raceethnicity_7_TEXT","dem_gender_1","dem_gender_2","dem_gender_3","dem_gender_4","dem_gender_5","dem_gender_6","dem_gender_7","dem_gender_8","dem_gender_7_TEXT","debrief_q1","debrief_q2","debrief_q3","prolific_id","FL_8_DO_BiasedManipulation-FailureisDebilitating","FL_8_DO_BiasedManipulation-FailureisEnhancing"
"1",2021-11-20 04:26:54,2021-11-20 04:33:04,"IP Address",100,370,TRUE,2021-11-20 04:33:04,"anonymous","EN",6,6,6,6,2,3,1,4,3,4,2,4,1,4,3,2,6,6,6,5,6,4,1,3,5,2,NA,NA,NA,NA,NA,NA,NA,NA,NA,NA,2,4,2,2,2,5,2,5,1,3,6,4,17,"17, 19, 21","College degree",NA,NA,NA,NA,NA,"White",NA,NA,NA,"Woman or female",NA,NA,NA,NA,NA,NA,NA,NA,"Not sure","Yes","Yes",1,1,NA
"2",2021-11-20 04:22:29,2021-11-20 04:27:03,"IP Address",100,273,TRUE,2021-11-20 04:27:03,"anonymous","EN",5,5,5,5,2,1,4,3,1,1,6,6,1,3,2,4,NA,NA,NA,NA,NA,NA,NA,NA,NA,NA,6,6,6,6,6,1,2,3,4,5,5,5,5,4,1,4,3,4,1,2,6,5,18,NA,"A high school degree",NA,NA,NA,NA,NA,"White",NA,NA,NA,"Woman or female",NA,NA,NA,NA,NA,NA,NA,NA,"Perception of failure","Yes","Yes",2,NA,1
"3",2021-11-20 02:25:33,2021-11-20 02:37:23,"IP Address",100,710,TRUE,2021-11-20 02:37:24,"anonymous","EN",5,4,5,5,1,3,4,2,5,4,3,4,4,2,3,1,5,5,5,4,4,2,3,5,4,1,NA,NA,NA,NA,NA,NA,NA,NA,NA,NA,4,5,5,5,3,4,3,6,1,4,2,5,20,"20 only one child","College degree",NA,NA,NA,NA,NA,"White",NA,NA,NA,NA,"Man or male",NA,NA,NA,NA,NA,NA,NA,"building confidence in children so they learn as much from a failure as they do a success","Yes","Yes",3,1,NA
"4",2021-11-20 04:20:30,2021-11-20 04:27:32,"IP Address",100,422,TRUE,2021-11-20 04:27:32,"anonymous","EN",4,3,3,6,2,4,3,1,3,3,4,5,3,2,1,4,NA,NA,NA,NA,NA,NA,NA,NA,NA,NA,5,5,5,6,6,5,4,1,3,2,5,6,5,1,6,3,5,1,2,6,3,4,13,NA,"A high school degree",NA,NA,NA,NA,NA,"White",NA,NA,NA,"Woman or female",NA,NA,NA,NA,NA,NA,NA,NA,"I think it was trying to see how I would deal with my child if they did poorly on a certain subject.","Not sure","NA",4,NA,1
"5",2021-11-20 03:31:30,2021-11-20 03:35:14,"IP Address",100,224,TRUE,2021-11-20 03:35:14,"anonymous","EN",3,4,3,3,1,2,3,4,3,3,4,4,3,2,4,1,4,4,3,3,3,3,5,2,1,4,NA,NA,NA,NA,NA,NA,NA,NA,NA,NA,4,4,4,3,3,3,3,6,1,5,4,2,2,"0","College degree",NA,NA,NA,NA,NA,"White",NA,NA,NA,"Woman or female",NA,NA,NA,NA,NA,NA,NA,NA,"Reactions to failure","Yes","Yes",5,1,NA
"6",2021-11-20 04:28:31,2021-11-20 04:37:05,"IP Address",100,514,TRUE,2021-11-20 04:37:06,"anonymous","EN",4,5,6,3,2,3,1,4,6,6,2,2,3,4,2,1,3,2,2,3,2,2,5,1,3,4,NA,NA,NA,NA,NA,NA,NA,NA,NA,NA,4,6,5,3,2,2,6,4,5,3,1,2,17,"27, 25, 20","A high school degree",NA,NA,NA,NA,NA,"White",NA,NA,NA,"Woman or female",NA,NA,NA,NA,NA,NA,NA,NA,"thoughts and feelings about failures.","No","NA",6,1,NA
"7",2021-11-20 04:11:41,2021-11-20 04:20:37,"IP Address",100,535,TRUE,2021-11-20 04:20:38,"anonymous","EN",4,4,4,4,1,2,3,4,5,5,3,3,4,3,2,1,NA,NA,NA,NA,NA,NA,NA,NA,NA,NA,5,5,5,5,5,4,5,2,1,3,5,4,5,3,2,2,1,3,6,2,5,4,16,"18","Prefer not to answer",NA,NA,NA,"Black or African American",NA,NA,NA,NA,NA,"Woman or female",NA,NA,NA,NA,NA,NA,NA,NA,"how failure affects perception of self","No","NA",7,NA,1
"8",2021-11-20 02:29:04,2021-11-20 02:46:18,"IP Address",100,1034,TRUE,2021-11-20 02:46:18,"anonymous","EN",4,5,5,5,3,1,4,2,2,4,5,5,2,3,4,1,4,4,5,4,5,1,2,3,4,5,NA,NA,NA,NA,NA,NA,NA,NA,NA,NA,5,5,6,3,4,4,2,6,1,5,4,3,13,"14 and 5","College degree","Hispanic, Latino, or Spanish origin",NA,NA,NA,NA,NA,NA,NA,NA,NA,"Man or male",NA,NA,NA,NA,NA,NA,NA,"of real situations that happen in a family with adolescent children and how we react to those situations","Yes","Yes",8,1,NA
"9",2021-11-20 04:24:58,2021-11-20 04:31:48,"IP Address",100,410,TRUE,2021-11-20 04:31:48,"anonymous","EN",4,4,6,6,2,3,1,4,3,3,4,4,2,1,4,3,5,5,5,6,4,5,1,2,4,3,NA,NA,NA,NA,NA,NA,NA,NA,NA,NA,2,3,3,4,4,4,4,5,2,1,6,3,17,"25","College degree",NA,NA,NA,NA,NA,"White",NA,NA,NA,"Woman or female",NA,NA,NA,NA,NA,NA,NA,NA,"I do not know.","No","NA",9,1,NA
"10",2021-11-20 02:05:54,2021-11-20 02:10:10,"IP Address",100,255,TRUE,2021-11-20 02:10:10,"anonymous","EN",6,5,5,6,3,1,4,2,2,3,4,4,1,4,2,3,5,4,4,4,3,2,4,1,5,3,NA,NA,NA,NA,NA,NA,NA,NA,NA,NA,2,2,2,5,5,4,1,5,6,3,4,2,33,NA,"A high school degree",NA,NA,NA,NA,NA,"White",NA,NA,NA,NA,"Man or male",NA,NA,NA,NA,NA,NA,NA,"the effects of failure on our minds","No","NA",10,1,NA
"11",2021-11-20 02:26:36,2021-11-20 02:39:06,"IP Address",100,749,TRUE,2021-11-20 02:39:06,"anonymous","EN",4,3,3,2,3,2,1,4,2,2,5,5,1,3,4,2,NA,NA,NA,NA,NA,NA,NA,NA,NA,NA,5,5,5,6,5,5,2,1,4,3,5,5,6,2,2,2,3,2,1,5,4,6,7,"2","College degree",NA,NA,NA,NA,NA,"White",NA,NA,NA,NA,"Man or male",NA,NA,NA,NA,NA,NA,NA,"Facing and elaborate failures during learning process for kids and parents.","No","NA",11,NA,1
"12",2021-11-20 02:15:57,2021-11-20 02:27:38,"IP Address",100,701,TRUE,2021-11-20 02:27:39,"anonymous","EN",5,5,2,4,4,2,3,1,2,3,5,4,2,4,1,3,4,4,4,4,4,3,2,5,1,4,NA,NA,NA,NA,NA,NA,NA,NA,NA,NA,4,5,4,3,2,3,3,1,5,2,4,6,9,"12","Post-graduate degree","Hispanic, Latino, or Spanish origin",NA,NA,NA,NA,NA,NA,NA,NA,NA,"Man or male",NA,NA,NA,NA,NA,NA,NA,"negativity or positivity of failure","No","NA",12,1,NA
"13",2021-11-20 02:29:30,2021-11-20 02:34:52,"IP Address",100,321,TRUE,2021-11-20 02:34:52,"anonymous","EN",4,5,4,5,4,1,3,2,4,5,4,3,4,1,2,3,NA,NA,NA,NA,NA,NA,NA,NA,NA,NA,6,6,6,6,6,5,1,4,2,3,3,4,4,2,2,3,6,3,4,2,1,5,6,"4","Post-graduate degree","Hispanic, Latino, or Spanish origin",NA,NA,NA,NA,NA,NA,NA,NA,NA,"Man or male",NA,NA,NA,NA,NA,NA,NA,"On how we deal with failure and success and the relationship with childs","Not sure","NA",13,NA,1
"14",2021-11-20 04:16:54,2021-11-20 04:26:51,"IP Address",100,597,TRUE,2021-11-20 04:26:52,"anonymous","EN",6,6,6,6,3,4,1,2,1,1,5,6,1,3,4,2,4,4,4,4,2,5,3,1,4,2,NA,NA,NA,NA,NA,NA,NA,NA,NA,NA,5,5,5,1,1,1,2,3,1,6,4,5,26,"30","A high school degree",NA,NA,NA,NA,NA,"White",NA,NA,NA,"Woman or female",NA,NA,NA,NA,NA,NA,NA,NA,"I have no idea","No","NA",14,1,NA
"15",2021-11-20 02:17:39,2021-11-20 02:32:46,"IP Address",100,907,TRUE,2021-11-20 02:32:46,"anonymous","EN",4,4,3,5,4,1,2,3,3,4,4,3,4,1,3,2,NA,NA,NA,NA,NA,NA,NA,NA,NA,NA,3,4,4,4,5,5,1,2,4,3,3,4,3,4,4,5,6,3,5,4,2,1,12,"10","College degree",NA,NA,NA,NA,NA,"White",NA,NA,NA,NA,"Man or male",NA,NA,NA,NA,NA,NA,NA,"Finding out what parents think","Not sure","NA",15,NA,1
"16",2021-11-20 02:12:22,2021-11-20 02:40:49,"IP Address",100,1707,TRUE,2021-11-20 02:40:50,"anonymous","EN",5,4,4,5,3,4,1,2,2,2,4,4,3,1,2,4,NA,NA,NA,NA,NA,NA,NA,NA,NA,NA,5,4,5,5,5,5,1,2,4,3,4,5,5,5,4,5,1,5,4,6,3,2,9,"12","College degree",NA,NA,NA,NA,NA,"White",NA,NA,NA,NA,"Man or male",NA,NA,NA,NA,NA,NA,NA,"Assessing if people think failure can be a positive thing","No","NA",16,NA,1
"17",2021-11-20 02:26:00,2021-11-20 02:32:37,"IP Address",100,397,TRUE,2021-11-20 02:32:38,"anonymous","EN",6,6,6,6,1,2,4,3,4,4,3,3,2,4,3,1,4,4,4,4,3,4,1,3,5,2,NA,NA,NA,NA,NA,NA,NA,NA,NA,NA,3,3,4,3,2,3,5,3,1,4,6,2,14,NA,"College degree",NA,NA,NA,NA,NA,"White",NA,NA,NA,NA,"Man or male",NA,NA,NA,NA,NA,NA,NA,"how people react to failure","No","NA",17,1,NA
"18",2021-11-20 04:26:25,2021-11-20 04:31:09,"IP Address",100,284,TRUE,2021-11-20 04:31:09,"anonymous","EN",5,4,3,6,3,2,1,4,3,4,3,3,1,4,3,2,NA,NA,NA,NA,NA,NA,NA,NA,NA,NA,3,3,4,3,4,4,2,3,1,5,3,4,3,4,3,2,2,4,3,1,5,6,11,"6","A high school degree",NA,NA,NA,NA,NA,"White",NA,NA,NA,"Woman or female",NA,NA,NA,NA,NA,NA,NA,NA,"Parents expectations of their children versus their ability to perform under pressure.","Not sure","NA",18,NA,1
"19",2021-11-20 02:24:17,2021-11-20 02:46:33,"IP Address",100,1336,TRUE,2021-11-20 02:46:34,"anonymous","EN",5,4,4,6,2,1,4,3,2,2,5,5,2,4,1,3,NA,NA,NA,NA,NA,NA,NA,NA,NA,NA,5,6,5,5,6,1,5,4,3,2,5,6,5,1,2,2,1,6,3,2,4,5,7,NA,"Post-graduate degree",NA,NA,NA,NA,NA,"White",NA,NA,NA,NA,"Man or male",NA,NA,NA,NA,NA,NA,NA,"… this experiment looked at how a parent would perceive failure with their child or how they perceive failure in life. In my opinion failure should be seen as a positive approach to increasing ones learning and knowledge and this starts from a young age. Success is often achieved through failure and this experiment highlights how as a parent we respond some may percieve this as a disappointment others may see it as the catalyst to success.

An experiment on how failure is perceived.","Yes","Yes",19,NA,1
"20",2021-11-20 02:19:45,2021-11-20 02:26:20,"IP Address",100,394,TRUE,2021-11-20 02:26:20,"anonymous","EN",4,6,6,6,3,1,4,2,6,6,4,2,3,2,1,4,NA,NA,NA,NA,NA,NA,NA,NA,NA,NA,6,6,5,6,6,4,5,2,1,3,4,5,5,2,2,2,1,2,6,4,5,3,25,"28","College degree",NA,NA,NA,NA,NA,"White",NA,NA,NA,NA,"Man or male",NA,NA,NA,NA,NA,NA,NA,"Failure as a tool for life experience/growth","No","NA",20,NA,1
"21",2021-11-20 02:21:02,2021-11-20 02:27:35,"IP Address",100,392,TRUE,2021-11-20 02:27:35,"anonymous","EN",4,4,5,5,3,2,1,4,4,4,3,3,3,2,1,4,4,4,3,4,4,2,4,3,5,1,NA,NA,NA,NA,NA,NA,NA,NA,NA,NA,3,5,5,3,3,2,4,5,6,3,1,2,13,NA,"A high school degree",NA,NA,NA,NA,NA,"White",NA,NA,NA,NA,"Man or male",NA,NA,NA,NA,NA,NA,NA,"To gauge the parents reaction and thoughts about negative outcomes.","Yes","Yes",21,1,NA
"22",2021-11-20 04:26:06,2021-11-20 04:31:03,"IP Address",100,297,TRUE,2021-11-20 04:31:03,"anonymous","EN",3,4,6,6,1,4,2,3,3,4,3,4,1,2,3,4,4,5,5,3,5,1,4,5,2,3,NA,NA,NA,NA,NA,NA,NA,NA,NA,NA,4,5,3,3,3,4,5,6,2,4,3,1,5,"3 and 1","College degree",NA,NA,NA,NA,NA,"White",NA,NA,NA,"Woman or female",NA,NA,NA,NA,NA,NA,NA,NA,"how failure can become overcome","Not sure","NA",22,1,NA
"23",2021-11-20 04:27:57,2021-11-20 04:30:47,"IP Address",100,169,TRUE,2021-11-20 04:30:48,"anonymous","EN",2,5,4,4,2,1,3,4,4,5,3,2,4,2,3,1,NA,NA,NA,NA,NA,NA,NA,NA,NA,NA,4,4,4,4,4,5,1,3,4,2,4,4,4,3,3,4,6,4,2,3,5,1,8,NA,"Post-graduate degree",NA,NA,NA,NA,NA,"White",NA,NA,NA,"Woman or female",NA,NA,NA,NA,NA,NA,NA,NA,"im not sure","Yes","Not sure",23,NA,1
"24",2021-11-20 02:24:32,2021-11-20 02:31:54,"IP Address",100,441,TRUE,2021-11-20 02:31:54,"anonymous","EN",6,6,5,6,1,4,2,3,5,5,2,2,2,1,3,4,3,6,4,5,5,1,5,2,3,4,NA,NA,NA,NA,NA,NA,NA,NA,NA,NA,1,1,1,6,5,6,5,2,1,6,3,4,14,"18","Post-graduate degree",NA,NA,NA,NA,NA,"White",NA,NA,NA,NA,"Man or male",NA,NA,NA,NA,NA,NA,NA,"Not sure","No","NA",24,1,NA
"25",2021-11-20 03:53:02,2021-11-20 04:00:24,"IP Address",100,441,TRUE,2021-11-20 04:00:24,"anonymous","EN",6,6,6,6,2,1,4,3,2,2,5,5,2,1,3,4,NA,NA,NA,NA,NA,NA,NA,NA,NA,NA,5,5,6,6,6,3,2,1,5,4,5,6,6,4,1,3,4,5,3,1,6,2,13,"15,17","College degree",NA,NA,NA,NA,NA,"White",NA,NA,NA,"Woman or female",NA,NA,NA,NA,NA,NA,NA,NA,"How people look at failure, either in a positive way or a negative way.","No","NA",25,NA,1
"26",2021-11-20 02:08:08,2021-11-20 02:46:41,"IP Address",100,2313,TRUE,2021-11-20 02:46:41,"anonymous","EN",6,5,4,5,1,3,2,4,4,4,6,2,3,2,1,4,NA,NA,NA,NA,NA,NA,NA,NA,NA,NA,4,4,4,5,4,4,1,2,5,3,3,4,5,4,3,4,6,3,2,5,4,1,7,"3","Post-graduate degree",NA,NA,NA,NA,NA,"White",NA,NA,NA,NA,"Man or male",NA,NA,NA,NA,NA,NA,NA,"No idea","Yes","Yes",26,NA,1
"27",2021-11-20 02:20:48,2021-11-20 02:33:01,"IP Address",100,732,TRUE,2021-11-20 02:33:01,"anonymous","EN",6,6,5,6,3,2,4,1,6,6,2,1,3,2,1,4,5,5,2,3,4,3,5,1,2,4,NA,NA,NA,NA,NA,NA,NA,NA,NA,NA,3,5,5,1,2,1,5,1,3,6,2,4,10,"8 and 7","Post-graduate degree",NA,NA,NA,NA,NA,"White",NA,NA,NA,NA,"Man or male",NA,NA,NA,NA,NA,NA,NA,"The psychological effects of failure.","No","NA",27,1,NA
"28",2021-11-20 02:13:28,2021-11-20 02:24:15,"IP Address",100,647,TRUE,2021-11-20 02:24:15,"anonymous","EN",4,4,5,4,1,2,4,3,2,2,5,5,2,1,4,3,NA,NA,NA,NA,NA,NA,NA,NA,NA,NA,6,5,5,6,5,1,5,4,2,3,5,5,5,2,1,2,5,1,6,2,4,3,5,"1","Post-graduate degree",NA,NA,NA,NA,NA,NA,"Fill-In Option:",NA,"middle eastern",NA,"Man or male",NA,NA,NA,NA,NA,NA,NA,"Understanding how parents or individuals facilitate the idea of failure, and what it means to them.","Yes","Yes",28,NA,1
"29",2021-11-20 04:06:30,2021-11-20 04:17:27,"IP Address",100,656,TRUE,2021-11-20 04:17:27,"anonymous","EN",6,5,5,6,4,3,1,2,3,4,4,5,4,2,3,1,NA,NA,NA,NA,NA,NA,NA,NA,NA,NA,6,6,6,6,6,1,5,3,2,4,6,5,4,4,4,2,1,4,3,2,5,6,17,"23","A high school degree",NA,NA,NA,NA,NA,"White",NA,NA,NA,"Woman or female",NA,NA,NA,NA,NA,NA,NA,NA,"How parents react to their child's failure; how a parent handles their personal failure can affect their children as well.","Yes","Yes",29,NA,1
"30",2021-11-20 04:25:47,2021-11-20 04:49:04,"IP Address",100,1396,TRUE,2021-11-20 04:49:04,"anonymous","EN",5,5,4,5,1,3,4,2,3,4,4,4,3,1,4,2,4,4,4,4,2,1,4,3,2,5,NA,NA,NA,NA,NA,NA,NA,NA,NA,NA,3,4,4,4,4,3,4,3,6,5,1,2,10,"7","College degree",NA,NA,"Asian",NA,NA,NA,NA,NA,NA,"Woman or female",NA,NA,NA,NA,NA,NA,NA,NA,"To see how parents see failure in terms of how it affects our children.","Not sure","NA",30,1,NA
"31",2021-11-20 02:19:26,2021-11-20 02:23:56,"IP Address",100,270,TRUE,2021-11-20 02:23:57,"anonymous","EN",6,5,5,5,2,3,1,4,3,2,5,5,4,3,1,2,NA,NA,NA,NA,NA,NA,NA,NA,NA,NA,5,5,5,5,5,3,4,1,5,2,5,5,5,2,2,2,5,1,2,4,3,6,14,NA,"A high school degree",NA,NA,NA,NA,NA,"White",NA,NA,NA,NA,"Man or male",NA,NA,NA,NA,NA,NA,NA,"Parents responses to their childs failure and overall thoughts on failure.","Yes","Yes",31,NA,1
"32",2021-11-20 03:37:01,2021-11-20 03:46:33,"IP Address",100,571,TRUE,2021-11-20 03:46:33,"anonymous","EN",5,5,6,4,3,2,1,4,2,3,4,5,4,2,3,1,4,2,3,4,4,5,4,3,2,1,NA,NA,NA,NA,NA,NA,NA,NA,NA,NA,5,5,4,3,2,3,5,6,1,3,4,2,14,"7","A high school degree",NA,NA,NA,NA,NA,"White",NA,NA,NA,"Woman or female",NA,NA,NA,NA,NA,NA,NA,NA,"This experiment was probably about how parents react to the failing grades of their children. It is an interesting subject and there are so many ways to handle it. Thank you for the opportunity.","Not sure","NA",32,1,NA
"33",2021-11-20 04:19:11,2021-11-20 04:25:15,"IP Address",100,364,TRUE,2021-11-20 04:25:15,"anonymous","EN",6,6,5,6,3,4,1,2,5,5,5,2,1,3,2,4,NA,NA,NA,NA,NA,NA,NA,NA,NA,NA,5,5,5,5,5,2,4,3,1,5,5,4,4,2,2,2,2,6,4,3,5,1,11,"8 7 5","College degree",NA,NA,NA,NA,NA,"White",NA,NA,NA,"Woman or female",NA,NA,NA,NA,NA,NA,NA,NA,"children's performance, failure, parents' reaction","Yes","Yes",33,NA,1
"34",2021-11-20 04:07:38,2021-11-20 04:12:59,"IP Address",100,321,TRUE,2021-11-20 04:12:59,"anonymous","EN",6,4,4,5,3,4,2,1,3,2,5,5,1,2,3,4,4,3,4,4,3,1,2,5,4,3,NA,NA,NA,NA,NA,NA,NA,NA,NA,NA,4,4,4,3,4,2,3,6,2,1,4,5,7,NA,"A high school degree","Hispanic, Latino, or Spanish origin",NA,NA,NA,NA,NA,NA,NA,NA,"Woman or female",NA,NA,NA,NA,NA,NA,NA,NA,"Perception","No","NA",34,1,NA
"35",2021-11-20 02:24:52,2021-11-20 02:32:36,"IP Address",100,463,TRUE,2021-11-20 02:32:37,"anonymous","EN",4,5,5,4,2,4,1,3,3,4,2,4,2,3,4,1,NA,NA,NA,NA,NA,NA,NA,NA,NA,NA,4,4,4,4,4,2,3,1,5,4,3,4,4,4,3,3,3,5,1,6,4,2,8,"3","College degree","Hispanic, Latino, or Spanish origin",NA,NA,NA,NA,NA,NA,NA,NA,NA,"Man or male",NA,NA,NA,NA,NA,NA,NA,"effects of expectancy on learning strategies","No","NA",35,NA,1
"36",2021-11-20 02:15:23,2021-11-20 02:23:16,"IP Address",100,472,TRUE,2021-11-20 02:23:16,"anonymous","EN",2,4,2,5,2,1,3,4,3,5,4,5,3,4,2,1,NA,NA,NA,NA,NA,NA,NA,NA,NA,NA,3,4,4,3,5,5,1,2,3,4,3,4,4,5,4,4,5,4,6,3,2,1,6,"0","A high school degree","Hispanic, Latino, or Spanish origin",NA,NA,NA,NA,NA,NA,NA,NA,NA,"Man or male",NA,NA,NA,NA,NA,NA,NA,"It was interesting","No","NA",36,NA,1
"37",2021-11-20 03:56:20,2021-11-20 04:01:23,"IP Address",100,303,TRUE,2021-11-20 04:01:24,"anonymous","EN",6,4,6,5,4,3,1,2,4,6,1,4,1,4,3,2,NA,NA,NA,NA,NA,NA,NA,NA,NA,NA,6,4,6,5,4,4,2,1,5,3,4,6,4,4,1,3,6,2,3,1,4,5,13,NA,"College degree",NA,NA,NA,NA,NA,"White",NA,NA,NA,"Woman or female",NA,NA,NA,NA,NA,NA,NA,NA,"not sure","No","NA",37,NA,1
"38",2021-11-20 02:22:25,2021-11-20 02:26:38,"IP Address",100,252,TRUE,2021-11-20 02:26:39,"anonymous","EN",3,4,4,5,2,1,3,4,2,4,5,5,3,1,4,2,5,4,4,4,5,5,3,4,1,2,NA,NA,NA,NA,NA,NA,NA,NA,NA,NA,1,4,2,4,4,5,3,6,4,1,2,5,12,"4","College degree",NA,NA,NA,NA,NA,"White",NA,NA,NA,NA,"Man or male",NA,NA,NA,NA,NA,NA,NA,"About intelligence.","Yes","Yes",38,1,NA
"39",2021-11-20 02:15:12,2021-11-20 02:21:25,"IP Address",100,372,TRUE,2021-11-20 02:21:25,"anonymous","EN",4,4,4,4,4,3,1,2,3,6,4,4,1,3,2,4,NA,NA,NA,NA,NA,NA,NA,NA,NA,NA,5,6,6,6,5,3,2,4,5,1,5,5,6,2,2,1,6,3,5,1,2,4,17,"14","Post-graduate degree",NA,NA,NA,NA,NA,"White",NA,NA,NA,NA,"Man or male",NA,NA,NA,NA,NA,NA,NA,"finding out what parent's perception of their child's intelligence is and whether it can be changed due to using times of failure to learn and better prepare for the future","Yes","Yes",39,NA,1
"40",2021-11-20 02:07:13,2021-11-20 02:11:56,"IP Address",100,283,TRUE,2021-11-20 02:11:57,"anonymous","EN",5,2,4,3,2,3,4,1,1,2,3,5,3,4,2,1,NA,NA,NA,NA,NA,NA,NA,NA,NA,NA,5,4,4,6,3,1,2,5,3,4,2,4,4,5,3,3,2,4,6,1,3,5,10,NA,"College degree",NA,NA,NA,NA,NA,"White",NA,NA,NA,NA,"Man or male",NA,NA,NA,NA,NA,NA,NA,"About how parents treat their children.","Yes","Yes",40,NA,1
"41",2021-11-20 02:17:48,2021-11-20 02:24:55,"IP Address",100,427,TRUE,2021-11-20 02:24:55,"anonymous","EN",1,1,1,1,3,4,2,1,1,2,5,5,4,1,2,3,NA,NA,NA,NA,NA,NA,NA,NA,NA,NA,6,5,5,5,6,3,5,1,4,2,5,5,4,2,2,3,1,4,6,3,2,5,2,NA,"Post-graduate degree",NA,NA,NA,NA,NA,"White",NA,NA,NA,NA,"Man or male",NA,NA,NA,NA,NA,NA,NA,"About how parents approach the education of their children, how they react to their academic results and maybe how that relates to the parent's own education.","Yes","Yes",41,NA,1
"42",2021-11-20 04:10:46,2021-11-20 04:15:58,"IP Address",100,312,TRUE,2021-11-20 04:15:59,"anonymous","EN",5,4,4,6,3,1,4,2,2,2,5,5,2,4,1,3,4,4,4,4,4,1,4,2,3,5,NA,NA,NA,NA,NA,NA,NA,NA,NA,NA,4,4,4,3,3,3,3,2,4,1,5,6,21,"38","College degree",NA,NA,NA,NA,NA,"White",NA,NA,NA,"Woman or female",NA,NA,NA,NA,NA,NA,NA,NA,"I think it was about whether the parents attitude towards success and failure affects the child's performance.","Not sure","NA",42,1,NA
"43",2021-11-20 02:16:13,2021-11-20 02:24:39,"IP Address",100,506,TRUE,2021-11-20 02:24:39,"anonymous","EN",5,4,3,3,4,2,3,1,4,4,4,3,3,2,1,4,4,4,4,4,2,4,1,5,3,2,NA,NA,NA,NA,NA,NA,NA,NA,NA,NA,4,4,5,3,3,2,4,1,5,6,2,3,10,NA,"Post-graduate degree",NA,NA,NA,NA,NA,"White",NA,NA,NA,NA,"Man or male",NA,NA,NA,NA,NA,NA,NA,"This experiment is about the ability of parents to tolerate and manage the failures that our children have.","No","NA",43,1,NA
"44",2021-11-20 03:34:09,2021-11-20 03:41:56,"IP Address",100,467,TRUE,2021-11-20 03:41:57,"anonymous","EN",6,3,3,5,4,2,3,1,5,5,4,2,4,2,1,3,6,5,5,6,6,5,2,3,4,1,NA,NA,NA,NA,NA,NA,NA,NA,NA,NA,2,2,3,6,6,5,1,3,2,6,5,4,8,"6, 3","College degree",NA,NA,NA,NA,NA,"White",NA,NA,NA,"Woman or female",NA,NA,NA,NA,NA,NA,NA,NA,"To see how we would react to our child failing and how we would feel about failure in general.","No","NA",44,1,NA
"45",2021-11-20 02:26:11,2021-11-20 02:41:49,"IP Address",100,937,TRUE,2021-11-20 02:41:49,"anonymous","EN",6,6,6,5,1,3,4,2,3,3,4,3,2,1,3,4,4,3,1,1,1,5,3,2,4,1,NA,NA,NA,NA,NA,NA,NA,NA,NA,NA,6,6,6,1,1,2,2,6,4,3,5,1,15,"18","Post-graduate degree","Hispanic, Latino, or Spanish origin",NA,NA,NA,NA,NA,NA,NA,NA,NA,"Man or male",NA,NA,NA,NA,NA,NA,NA,"Education and learning","Yes","Yes",45,1,NA
"46",2021-11-20 04:17:47,2021-11-20 04:21:57,"IP Address",100,249,TRUE,2021-11-20 04:21:57,"anonymous","EN",5,6,4,5,4,2,3,1,5,5,4,4,4,2,1,3,NA,NA,NA,NA,NA,NA,NA,NA,NA,NA,6,6,6,6,6,2,4,5,3,1,5,5,5,1,1,2,6,4,2,3,1,5,15,NA,"Post-graduate degree",NA,NA,NA,NA,NA,"White",NA,NA,NA,"Woman or female",NA,NA,NA,NA,NA,NA,NA,NA,"parents reactions to failure","Yes","Yes",46,NA,1
"47",2021-11-20 02:19:45,2021-11-20 02:24:09,"IP Address",100,263,TRUE,2021-11-20 02:24:09,"anonymous","EN",5,4,3,3,1,4,2,3,4,4,3,3,4,1,3,2,5,5,4,4,4,2,3,4,1,5,NA,NA,NA,NA,NA,NA,NA,NA,NA,NA,4,4,4,3,3,3,1,4,3,6,5,2,11,"5","A high school degree",NA,NA,NA,NA,NA,"White",NA,NA,NA,NA,"Man or male",NA,NA,NA,NA,NA,NA,NA,"Reactions to failure","No","NA",47,1,NA
"48",2021-11-20 03:15:13,2021-11-20 03:21:19,"IP Address",100,366,TRUE,2021-11-20 03:21:20,"anonymous","EN",2,2,3,4,3,2,1,4,4,3,5,4,4,2,1,3,NA,NA,NA,NA,NA,NA,NA,NA,NA,NA,6,6,6,6,6,4,5,2,3,1,5,6,5,2,1,1,6,3,5,4,2,1,20,"4","A high school degree",NA,NA,NA,NA,NA,"White",NA,NA,NA,NA,"Man or male",NA,NA,NA,NA,NA,NA,NA,"Not sure","No","NA",48,NA,1
"49",2021-11-20 04:13:09,2021-11-20 04:18:45,"IP Address",100,335,TRUE,2021-11-20 04:18:45,"anonymous","EN",5,5,6,6,1,4,3,2,3,3,5,4,4,2,1,3,6,6,5,5,5,4,3,1,5,2,NA,NA,NA,NA,NA,NA,NA,NA,NA,NA,2,3,3,5,4,4,3,1,2,4,6,5,17,"17, 3","College degree","Hispanic, Latino, or Spanish origin",NA,NA,NA,NA,"White",NA,NA,NA,"Woman or female",NA,NA,NA,NA,NA,NA,NA,NA,"How we react to bad things happening?","No","NA",49,1,NA
"50",2021-11-20 02:02:37,2021-11-20 02:15:13,"IP Address",100,755,TRUE,2021-11-20 02:15:13,"anonymous","EN",6,6,4,6,1,2,3,4,4,5,3,3,3,4,1,2,NA,NA,NA,NA,NA,NA,NA,NA,NA,NA,4,4,4,5,4,5,3,2,1,4,4,4,4,2,2,2,6,3,1,4,5,2,22,"18","Post-graduate degree","Hispanic, Latino, or Spanish origin",NA,NA,NA,NA,NA,NA,NA,NA,NA,"Man or male",NA,NA,NA,NA,NA,NA,NA,"Interesting","No","NA",50,NA,1
"51",2021-11-20 02:21:20,2021-11-20 02:28:02,"IP Address",100,401,TRUE,2021-11-20 02:28:02,"anonymous","EN",3,3,4,4,3,4,1,2,1,1,5,6,4,2,3,1,NA,NA,NA,NA,NA,NA,NA,NA,NA,NA,6,6,6,6,6,1,4,5,3,2,6,6,5,2,6,1,3,4,2,1,5,6,9,"9,6,2","College degree",NA,NA,NA,NA,NA,"White",NA,NA,NA,NA,"Man or male",NA,NA,NA,NA,NA,NA,NA,"How a parent would perceive or react to a child's poor grade","No","NA",51,NA,1
"52",2021-11-20 04:29:25,2021-11-20 04:34:52,"IP Address",100,326,TRUE,2021-11-20 04:34:52,"anonymous","EN",3,4,4,5,2,4,3,1,3,3,5,5,4,3,1,2,NA,NA,NA,NA,NA,NA,NA,NA,NA,NA,6,5,5,6,6,5,3,1,4,2,4,4,4,3,5,2,1,5,3,6,2,4,11,"0","College degree",NA,NA,NA,NA,NA,"White",NA,NA,NA,"Woman or female",NA,NA,NA,NA,NA,NA,NA,NA,"Not sure","No","NA",52,NA,1
"53",2021-11-20 04:19:48,2021-11-20 04:29:12,"IP Address",100,563,TRUE,2021-11-20 04:29:12,"anonymous","EN",6,5,5,6,4,3,2,1,2,3,4,5,1,2,3,4,NA,NA,NA,NA,NA,NA,NA,NA,NA,NA,6,6,6,6,6,5,2,1,4,3,5,5,5,3,1,2,1,2,5,4,6,3,31,"30, 29, 24","Post-graduate degree",NA,NA,NA,"Black or African American",NA,NA,NA,NA,NA,"Woman or female",NA,NA,NA,NA,NA,NA,NA,NA,"I think this survey is to determine if failure is good or bad thing.","No","NA",53,NA,1
"54",2021-11-20 02:22:37,2021-11-20 02:40:25,"IP Address",100,1068,TRUE,2021-11-20 02:40:26,"anonymous","EN",2,2,4,3,4,1,3,2,3,3,6,4,1,4,2,3,NA,NA,NA,NA,NA,NA,NA,NA,NA,NA,4,5,6,5,6,2,5,1,3,4,4,6,4,3,3,4,3,2,6,1,4,5,2,NA,"A high school degree",NA,NA,NA,NA,NA,NA,"Fill-In Option:",NA,"Méstizo(Indigena-Español)",NA,"Man or male",NA,NA,NA,NA,NA,NA,NA,"psychology between father and son","Not sure","NA",54,NA,1
"55",2021-11-20 02:17:49,2021-11-20 02:27:39,"IP Address",100,589,TRUE,2021-11-20 02:27:39,"anonymous","EN",3,4,4,6,4,3,1,2,2,2,3,5,1,3,4,2,4,5,4,4,2,3,4,1,2,5,NA,NA,NA,NA,NA,NA,NA,NA,NA,NA,3,3,4,3,4,3,4,6,5,3,2,1,8,NA,"College degree",NA,NA,NA,NA,NA,"White",NA,NA,NA,NA,"Man or male",NA,NA,NA,NA,NA,NA,NA,"how we react to failure whether its personal or for someone we care about","Not sure","NA",55,1,NA
"56",2021-11-20 04:20:22,2021-11-20 04:27:28,"IP Address",100,426,TRUE,2021-11-20 04:27:29,"anonymous","EN",5,5,6,6,4,2,1,3,4,5,3,2,1,4,2,3,2,4,3,3,3,1,4,5,2,3,NA,NA,NA,NA,NA,NA,NA,NA,NA,NA,4,4,4,2,3,2,1,4,5,6,2,3,15,"19","College degree",NA,NA,NA,NA,NA,"White",NA,NA,NA,"Woman or female",NA,NA,NA,NA,NA,NA,NA,NA,"Analyzing our opinions of failures and how they affect us.","No","NA",56,1,NA
"57",2021-11-20 02:04:26,2021-11-20 02:14:56,"IP Address",100,629,TRUE,2021-11-20 02:14:56,"anonymous","EN",5,2,5,3,1,4,2,3,1,2,5,5,1,2,3,4,4,4,5,2,3,2,3,1,4,5,NA,NA,NA,NA,NA,NA,NA,NA,NA,NA,2,2,2,2,2,3,2,5,3,4,6,1,9,"2, 1","A high school degree","Hispanic, Latino, or Spanish origin",NA,NA,NA,NA,NA,NA,NA,NA,NA,"Man or male",NA,NA,NA,NA,NA,NA,NA,"reaction on human behaviour with our children","Yes","No",57,1,NA
"58",2021-11-20 02:27:07,2021-11-20 02:34:33,"IP Address",100,445,TRUE,2021-11-20 02:34:33,"anonymous","EN",4,3,3,2,3,2,1,4,4,4,5,4,3,4,1,2,NA,NA,NA,NA,NA,NA,NA,NA,NA,NA,4,3,4,3,4,1,4,5,2,3,3,4,4,4,3,3,2,6,3,1,5,4,10,"8","Prefer not to answer",NA,NA,NA,NA,"Native Hawaiian or Other Pacific Islander",NA,NA,NA,NA,NA,NA,NA,NA,NA,"Questioning or Unsure",NA,NA,NA,"estudios","No","NA",58,NA,1
"59",2021-11-20 03:32:37,2021-11-20 03:51:25,"IP Address",100,1128,TRUE,2021-11-20 03:51:25,"anonymous","EN",5,6,6,5,1,3,2,4,5,5,5,6,3,4,2,1,4,4,5,4,5,4,1,5,2,3,NA,NA,NA,NA,NA,NA,NA,NA,NA,NA,4,1,4,1,1,1,5,1,4,2,6,3,3,"1","A high school degree","Hispanic, Latino, or Spanish origin",NA,"Asian","Black or African American",NA,NA,NA,NA,NA,"Woman or female",NA,NA,NA,NA,NA,NA,NA,NA,"Understanding different parenting styles when it comes to our childrens education.","Not sure","NA",59,1,NA
"60",2021-11-20 04:13:04,2021-11-20 04:25:15,"IP Address",100,731,TRUE,2021-11-20 04:25:15,"anonymous","EN",6,3,4,6,3,2,1,4,1,2,6,6,1,2,4,3,NA,NA,NA,NA,NA,NA,NA,NA,NA,NA,6,6,6,6,6,2,3,4,1,5,6,6,6,1,1,2,2,5,3,1,6,4,8,NA,"College degree",NA,NA,NA,"Black or African American",NA,NA,NA,NA,NA,"Woman or female",NA,NA,NA,NA,NA,NA,NA,NA,"The different responses parents give to their children for low grades, which responds to something that some might find negative.","Not sure","NA",60,NA,1
"61",2021-11-20 03:55:57,2021-11-20 04:01:54,"IP Address",100,356,TRUE,2021-11-20 04:01:54,"anonymous","EN",4,4,4,6,2,3,4,1,3,3,4,4,1,2,3,4,4,4,4,3,4,4,2,3,1,5,NA,NA,NA,NA,NA,NA,NA,NA,NA,NA,4,4,4,3,3,3,3,4,1,5,2,6,3,"2","College degree",NA,NA,NA,NA,NA,"White",NA,NA,NA,"Woman or female",NA,NA,NA,NA,NA,NA,NA,NA,"Expectations","Yes","Yes",61,1,NA
"62",2021-11-20 02:17:35,2021-11-20 02:22:19,"IP Address",100,283,TRUE,2021-11-20 02:22:19,"anonymous","EN",6,4,3,5,1,4,2,3,1,4,5,6,2,3,4,1,NA,NA,NA,NA,NA,NA,NA,NA,NA,NA,4,3,2,4,2,2,1,4,3,5,5,4,3,5,3,6,3,5,2,6,4,1,5,NA,"A high school degree",NA,NA,NA,NA,NA,"White",NA,NA,NA,NA,"Man or male",NA,NA,NA,NA,NA,NA,NA,"parents reaction  to bad grades","Yes","Yes",62,NA,1
"63",2021-11-20 04:12:47,2021-11-20 04:20:53,"IP Address",100,486,TRUE,2021-11-20 04:20:53,"anonymous","EN",3,2,2,5,1,3,4,2,3,2,4,4,1,2,3,4,NA,NA,NA,NA,NA,NA,NA,NA,NA,NA,6,5,6,6,6,1,2,3,5,4,4,4,4,3,3,3,6,3,2,5,1,4,3,NA,"A high school degree",NA,NA,NA,NA,NA,"White",NA,NA,NA,"Woman or female",NA,NA,NA,NA,NA,NA,NA,NA,"How parents handle failure with their children.","No","NA",63,NA,1
"64",2021-11-20 03:16:37,2021-11-20 03:22:16,"IP Address",100,339,TRUE,2021-11-20 03:22:17,"anonymous","EN",6,6,6,6,2,4,3,1,3,4,4,2,2,1,4,3,5,2,3,5,4,5,3,2,4,1,NA,NA,NA,NA,NA,NA,NA,NA,NA,NA,2,4,4,4,4,3,2,6,4,5,1,3,22,"19","College degree",NA,NA,NA,NA,NA,"White",NA,NA,NA,"Woman or female",NA,NA,NA,NA,NA,NA,NA,NA,"How people respond to failure","Yes","Yes",64,1,NA
"65",2021-11-20 02:12:48,2021-11-20 02:18:45,"IP Address",100,357,TRUE,2021-11-20 02:18:46,"anonymous","EN",5,6,5,6,2,4,1,3,1,1,6,6,4,1,3,2,4,4,4,5,5,3,4,2,1,5,NA,NA,NA,NA,NA,NA,NA,NA,NA,NA,4,5,4,4,4,3,4,6,5,2,1,3,14,"1","College degree","Hispanic, Latino, or Spanish origin",NA,NA,NA,NA,NA,NA,NA,NA,NA,"Man or male",NA,NA,NA,NA,NA,NA,NA,"How different groups process failure","Yes","Yes",65,1,NA
"66",2021-11-20 03:39:00,2021-11-20 03:47:22,"IP Address",100,502,TRUE,2021-11-20 03:47:23,"anonymous","EN",2,2,2,3,2,1,3,4,4,5,4,3,4,1,2,3,NA,NA,NA,NA,NA,NA,NA,NA,NA,NA,4,4,5,4,5,5,2,1,3,4,4,4,3,2,3,3,5,2,6,1,4,3,2,"0","College degree",NA,NA,NA,NA,NA,"White",NA,NA,NA,"Woman or female",NA,NA,NA,NA,NA,NA,NA,NA,"How failure effects kids","Yes","Yes",66,NA,1
"67",2021-11-20 03:54:17,2021-11-20 03:57:29,"IP Address",100,191,TRUE,2021-11-20 03:57:29,"anonymous","EN",6,6,6,6,3,4,1,2,1,1,6,6,4,3,2,1,5,4,1,1,1,1,2,4,5,3,NA,NA,NA,NA,NA,NA,NA,NA,NA,NA,5,4,4,1,1,1,5,4,3,1,2,6,11,"7","College degree",NA,NA,NA,NA,NA,"White",NA,NA,NA,"Woman or female",NA,NA,NA,NA,NA,NA,NA,NA,"to get our opinions on the scenario provided","No","NA",67,1,NA
"68",2021-11-20 02:14:53,2021-11-20 02:20:40,"IP Address",100,347,TRUE,2021-11-20 02:20:40,"anonymous","EN",4,5,3,4,3,2,1,4,4,4,3,3,2,1,4,3,4,4,3,4,2,4,3,1,5,2,NA,NA,NA,NA,NA,NA,NA,NA,NA,NA,3,4,4,3,4,3,5,2,6,1,4,3,4,"2","Post-graduate degree",NA,NA,NA,NA,NA,"White",NA,NA,NA,NA,"Man or male",NA,NA,NA,NA,NA,NA,NA,"Perception of failure","Not sure","NA",68,1,NA
"69",2021-11-20 04:19:56,2021-11-20 04:26:58,"IP Address",100,421,TRUE,2021-11-20 04:26:58,"anonymous","EN",3,4,4,6,2,3,1,4,2,3,4,5,2,4,3,1,5,6,5,5,5,3,1,2,5,4,NA,NA,NA,NA,NA,NA,NA,NA,NA,NA,2,3,2,4,5,4,2,5,1,3,4,6,13,"12","College degree",NA,NA,NA,NA,NA,"White",NA,NA,NA,"Woman or female",NA,NA,NA,NA,NA,NA,NA,NA,"I think it's seeing how people feel about taking testing out of schools, so that there's a learning environment devoid of failure, to see if that would be more beneficial for students in the long run.","Not sure","NA",69,1,NA
"70",2021-11-20 04:27:57,2021-11-20 04:34:57,"IP Address",100,419,TRUE,2021-11-20 04:34:57,"anonymous","EN",6,6,4,6,1,3,2,4,1,1,6,6,1,3,4,2,4,4,2,4,1,5,4,3,1,2,NA,NA,NA,NA,NA,NA,NA,NA,NA,NA,3,4,4,2,2,2,2,3,4,1,6,5,9,"n/a","A high school degree",NA,NA,NA,"Black or African American",NA,NA,NA,NA,NA,"Woman or female",NA,NA,NA,"Genderqueer, gender fluid, or non-binary",NA,NA,NA,NA,"how parents respond to childrens learning, how they assess failure, etc","Yes","Yes",70,1,NA
"71",2021-11-20 02:25:32,2021-11-20 02:30:43,"IP Address",100,311,TRUE,2021-11-20 02:30:44,"anonymous","EN",4,4,4,5,1,2,3,4,2,3,6,4,3,4,2,1,5,5,5,4,5,4,2,5,3,1,NA,NA,NA,NA,NA,NA,NA,NA,NA,NA,3,5,4,4,4,5,4,3,5,6,1,2,15,"17","Post-graduate degree",NA,NA,"Asian",NA,NA,NA,NA,NA,NA,NA,"Man or male",NA,NA,NA,NA,NA,NA,NA,"Figuring out how parents feel about their child's learning.","Not sure","NA",71,1,NA
"72",2021-11-20 04:23:03,2021-11-20 04:36:53,"IP Address",100,829,TRUE,2021-11-20 04:36:53,"anonymous","EN",6,6,5,6,1,4,3,2,2,2,5,5,4,1,3,2,NA,NA,NA,NA,NA,NA,NA,NA,NA,NA,2,4,4,3,3,2,5,1,4,3,4,4,3,3,3,3,2,1,4,3,6,5,12,"4","College degree",NA,NA,NA,"Black or African American",NA,NA,NA,NA,NA,"Woman or female",NA,NA,NA,NA,NA,NA,NA,NA,"Failure in school children and reactions from parents","Not sure","NA",72,NA,1
"73",2021-11-20 02:22:54,2021-11-20 02:27:08,"IP Address",100,254,TRUE,2021-11-20 02:27:08,"anonymous","EN",4,5,5,4,2,1,3,4,3,3,5,5,3,4,2,1,NA,NA,NA,NA,NA,NA,NA,NA,NA,NA,4,4,4,5,5,3,4,1,2,5,4,4,4,4,3,3,5,3,1,2,4,6,7,NA,"College degree",NA,NA,NA,NA,NA,"White",NA,NA,NA,"Woman or female",NA,NA,NA,NA,NA,NA,NA,NA,"How my feelings about failure affect how I parent.","No","NA",73,NA,1
"74",2021-11-20 02:24:35,2021-11-20 02:41:46,"IP Address",100,1031,TRUE,2021-11-20 02:41:47,"anonymous","EN",5,4,6,5,1,2,3,4,2,2,5,4,1,2,3,4,NA,NA,NA,NA,NA,NA,NA,NA,NA,NA,6,6,6,6,6,2,4,1,3,5,4,5,5,2,2,2,2,6,4,3,1,5,8,NA,"College degree",NA,NA,NA,NA,NA,NA,"Fill-In Option:",NA,"Middle eastern",NA,"Man or male",NA,NA,NA,NA,NA,NA,NA,"The effect of failure on performance and achievements","Yes","Yes",74,NA,1
"75",2021-11-20 03:34:33,2021-11-20 03:42:49,"IP Address",100,496,TRUE,2021-11-20 03:42:49,"anonymous","EN",3,2,2,4,1,2,3,4,3,4,5,5,3,2,4,1,NA,NA,NA,NA,NA,NA,NA,NA,NA,NA,6,5,6,6,6,1,3,2,4,5,5,4,4,2,1,2,1,6,3,5,4,2,3,NA,"Post-graduate degree",NA,NA,NA,NA,NA,"White",NA,NA,NA,"Woman or female",NA,NA,NA,NA,NA,NA,NA,NA,NA,"Yes","Yes",75,NA,1
"76",2021-11-20 02:13:49,2021-11-20 02:23:09,"IP Address",100,560,TRUE,2021-11-20 02:23:09,"anonymous","EN",1,1,1,1,1,2,4,3,2,2,5,5,3,4,1,2,NA,NA,NA,NA,NA,NA,NA,NA,NA,NA,5,4,6,5,6,1,5,4,3,2,4,6,6,2,2,2,2,6,5,4,3,1,1,NA,"College degree","Hispanic, Latino, or Spanish origin",NA,NA,NA,NA,NA,NA,NA,NA,NA,"Man or male",NA,NA,NA,NA,NA,NA,NA,"I think in how the academic life is overrated and the school degree don't say nothing about the person you are, so don't let a exam, project orsomething like that take your peace,always you can learn from the failure","Yes","Yes",76,NA,1
"77",2021-11-20 02:19:28,2021-11-20 02:34:39,"IP Address",100,910,TRUE,2021-11-20 02:34:39,"anonymous","EN",3,3,5,5,4,2,1,3,5,4,3,1,4,2,1,3,NA,NA,NA,NA,NA,NA,NA,NA,NA,NA,6,6,6,6,6,5,3,4,2,1,6,6,6,2,1,3,3,2,4,5,1,6,3,NA,"College degree",NA,NA,NA,NA,NA,"White",NA,NA,NA,NA,"Man or male",NA,NA,NA,NA,NA,NA,NA,"How people deal with childrens success/failure at school based on their mentality towards life experience","No","NA",77,NA,1
"78",2021-11-20 04:29:15,2021-11-20 04:34:23,"IP Address",100,307,TRUE,2021-11-20 04:34:23,"anonymous","EN",5,5,5,6,1,2,4,3,6,6,4,1,1,2,3,4,NA,NA,NA,NA,NA,NA,NA,NA,NA,NA,6,5,6,6,6,3,2,5,1,4,5,6,4,6,4,4,2,3,5,6,4,1,14,"5","Post-graduate degree",NA,NA,NA,"Black or African American",NA,NA,NA,NA,NA,"Woman or female",NA,NA,NA,NA,NA,NA,NA,NA,"About evaluating yourself as a person","Yes","Yes",78,NA,1
"79",2021-11-20 02:06:13,2021-11-20 02:28:26,"IP Address",100,1333,TRUE,2021-11-20 02:28:26,"anonymous","EN",6,5,6,6,3,2,4,1,3,6,4,5,3,1,2,4,NA,NA,NA,NA,NA,NA,NA,NA,NA,NA,6,6,6,6,6,3,5,1,4,2,6,5,6,3,6,1,1,6,2,5,4,3,6,"2","College degree",NA,NA,NA,"Black or African American",NA,NA,NA,NA,NA,"Woman or female",NA,NA,NA,NA,NA,NA,NA,NA,"Was about how I can help my child to experience failure in life.","No","NA",79,NA,1
"80",2021-11-20 02:22:05,2021-11-20 02:45:20,"IP Address",100,1395,TRUE,2021-11-20 02:45:21,"anonymous","EN",4,5,5,5,3,1,4,2,3,4,3,4,4,1,3,2,2,3,3,2,2,2,1,5,4,3,NA,NA,NA,NA,NA,NA,NA,NA,NA,NA,5,4,5,3,3,3,6,5,4,3,2,1,11,"8","College degree","Hispanic, Latino, or Spanish origin",NA,NA,NA,NA,NA,NA,NA,NA,NA,"Man or male",NA,NA,NA,NA,NA,NA,NA,"About how people react to failure","Yes","Yes",80,1,NA
"81",2021-11-20 04:45:56,2021-11-20 04:52:20,"IP Address",100,383,TRUE,2021-11-20 04:52:21,"anonymous","EN",1,1,1,1,3,2,1,4,2,3,5,5,3,2,1,4,4,4,3,4,4,5,2,1,4,3,NA,NA,NA,NA,NA,NA,NA,NA,NA,NA,3,2,4,4,3,3,1,3,5,6,2,4,4,"10","College degree","Hispanic, Latino, or Spanish origin",NA,NA,NA,NA,"White",NA,NA,NA,"Woman or female",NA,NA,NA,NA,NA,NA,NA,NA,"Parental responses to educational situations","No","NA",81,1,NA
"82",2021-11-20 04:24:20,2021-11-20 04:28:05,"IP Address",100,225,TRUE,2021-11-20 04:28:06,"anonymous","EN",6,5,5,4,1,3,2,4,2,2,5,5,1,2,3,4,NA,NA,NA,NA,NA,NA,NA,NA,NA,NA,6,6,6,6,6,3,1,2,5,4,6,6,6,1,1,1,6,1,5,2,4,3,10,"17","College degree",NA,NA,"Asian",NA,NA,NA,NA,NA,NA,"Woman or female",NA,NA,NA,NA,NA,NA,NA,NA,"Growth mindset","Yes","Yes",82,NA,1
"83",2021-11-20 04:07:16,2021-11-20 04:10:45,"IP Address",100,209,TRUE,2021-11-20 04:10:45,"anonymous","EN",6,2,3,4,3,2,1,4,3,3,5,4,2,1,4,3,NA,NA,NA,NA,NA,NA,NA,NA,NA,NA,4,4,4,4,4,5,3,2,1,4,3,3,3,3,2,4,3,1,5,6,4,2,10,"4","College degree",NA,NA,NA,NA,NA,"White",NA,NA,NA,"Woman or female",NA,NA,NA,NA,NA,NA,NA,NA,"options on failure","Yes","Yes",83,NA,1
"84",2021-11-20 04:19:17,2021-11-20 04:23:31,"IP Address",100,253,TRUE,2021-11-20 04:23:31,"anonymous","EN",3,6,4,5,4,1,2,3,2,2,5,5,3,1,4,2,5,4,5,5,4,2,1,4,3,5,NA,NA,NA,NA,NA,NA,NA,NA,NA,NA,4,4,4,4,2,2,2,4,3,5,6,1,12,NA,"No degrees",NA,NA,NA,NA,NA,"White",NA,NA,NA,"Woman or female",NA,NA,NA,NA,NA,NA,NA,NA,"the effects of failure on kids","No","NA",84,1,NA
"85",2021-11-20 03:34:22,2021-11-20 03:40:09,"IP Address",100,346,TRUE,2021-11-20 03:40:09,"anonymous","EN",2,3,1,2,3,4,1,2,5,5,2,2,2,1,4,3,5,6,4,5,6,1,2,5,3,4,NA,NA,NA,NA,NA,NA,NA,NA,NA,NA,4,4,2,3,3,5,1,2,6,3,4,5,5,NA,"A high school degree",NA,NA,NA,NA,NA,"White",NA,NA,NA,"Woman or female",NA,NA,NA,NA,NA,NA,NA,NA,"Intelligence levels and whether or not they can be changed. Whether or not failure is ultimately helpful or hurtful. How parents perceive their child's failures.","No","NA",85,1,NA
"86",2021-11-20 04:21:13,2021-11-20 04:28:35,"IP Address",100,442,TRUE,2021-11-20 04:28:36,"anonymous","EN",4,5,6,6,4,2,1,3,5,5,2,2,1,4,2,3,NA,NA,NA,NA,NA,NA,NA,NA,NA,NA,5,5,6,6,6,3,2,4,5,1,4,6,4,2,2,3,1,2,6,4,3,5,19,"21, 24","College degree",NA,NA,NA,NA,NA,"White",NA,NA,NA,"Woman or female",NA,NA,NA,NA,NA,NA,NA,NA,"The impact a person's own feelings about failure have on their reactions to their children's failures","No","NA",86,NA,1
"87",2021-11-20 02:27:43,2021-11-20 02:44:21,"IP Address",100,998,TRUE,2021-11-20 02:44:21,"anonymous","EN",4,4,3,5,4,1,3,2,4,5,3,3,4,1,3,2,6,6,2,4,6,3,2,1,5,4,NA,NA,NA,NA,NA,NA,NA,NA,NA,NA,2,2,3,5,4,5,5,3,6,4,2,1,10,NA,"College degree",NA,NA,NA,NA,NA,"White",NA,NA,NA,NA,"Man or male",NA,NA,NA,NA,NA,NA,NA,"N/A","No","NA",87,1,NA
"88",2021-11-20 03:32:20,2021-11-20 03:36:47,"IP Address",100,266,TRUE,2021-11-20 03:36:48,"anonymous","EN",5,4,3,5,2,4,1,3,3,2,4,5,1,4,2,3,NA,NA,NA,NA,NA,NA,NA,NA,NA,NA,6,6,6,6,6,4,2,5,1,3,4,5,5,2,2,2,6,2,4,5,1,3,6,"n/a","College degree",NA,NA,NA,NA,NA,"White",NA,NA,NA,"Woman or female",NA,NA,NA,NA,NA,NA,NA,NA,"Harnessing the power of failure","No","NA",88,NA,1
"89",2021-11-20 04:20:43,2021-11-20 04:24:37,"IP Address",100,234,TRUE,2021-11-20 04:24:38,"anonymous","EN",2,1,1,3,4,2,3,1,3,4,4,4,4,1,2,3,4,5,3,4,3,1,4,3,5,2,NA,NA,NA,NA,NA,NA,NA,NA,NA,NA,3,3,4,4,3,3,1,3,4,2,5,6,4,NA,"A high school degree",NA,NA,NA,NA,NA,"White",NA,NA,NA,"Woman or female",NA,NA,NA,NA,NA,NA,NA,NA,"Failure","No","NA",89,1,NA
"90",2021-11-20 04:21:35,2021-11-20 04:27:33,"IP Address",100,357,TRUE,2021-11-20 04:27:33,"anonymous","EN",5,5,5,5,1,3,2,4,1,1,6,6,1,2,3,4,5,5,4,3,2,3,4,2,1,5,NA,NA,NA,NA,NA,NA,NA,NA,NA,NA,5,5,5,2,2,1,2,6,3,1,5,4,8,"12, 16","College degree",NA,NA,NA,NA,"Native Hawaiian or Other Pacific Islander",NA,NA,NA,NA,"Woman or female",NA,NA,NA,NA,NA,NA,NA,NA,"To see how parents react when their child feels like a failure","Yes","Yes",90,1,NA
"91",2021-11-20 04:23:41,2021-11-20 04:32:31,"IP Address",100,529,TRUE,2021-11-20 04:32:31,"anonymous","EN",4,4,4,3,1,4,3,2,5,1,6,6,4,2,1,3,4,4,4,3,2,5,2,1,3,4,NA,NA,NA,NA,NA,NA,NA,NA,NA,NA,4,4,4,3,3,2,6,4,5,2,1,3,6,"2","College degree",NA,NA,NA,"Black or African American",NA,"White","Fill-In Option:",NA,"Yemeni","Woman or female",NA,NA,NA,NA,NA,NA,NA,NA,"I think this experience was pretty cool last to think about I was a person who struggled in school want to make sure that my children are advocated for and receive the resources that they need to thrive in school","Not sure","NA",91,1,NA
"92",2021-11-20 02:11:53,2021-11-20 02:27:42,"IP Address",100,948,TRUE,2021-11-20 02:27:43,"anonymous","EN",5,3,3,4,1,4,2,3,2,3,5,5,1,4,2,3,5,5,5,4,5,4,3,5,2,1,NA,NA,NA,NA,NA,NA,NA,NA,NA,NA,3,3,3,5,4,4,6,2,4,1,3,5,6,"4","College degree",NA,NA,NA,NA,NA,NA,NA,"Prefer not to answer",NA,NA,"Man or male",NA,NA,NA,NA,NA,NA,NA,"Effects of failure on performance","Not sure","NA",92,1,NA
"93",2021-11-20 04:17:42,2021-11-20 04:28:22,"IP Address",100,640,TRUE,2021-11-20 04:28:23,"anonymous","EN",6,6,6,6,3,4,2,1,2,2,5,5,3,4,1,2,NA,NA,NA,NA,NA,NA,NA,NA,NA,NA,5,5,5,5,5,2,4,1,5,3,5,5,5,3,2,2,4,5,6,2,1,3,17,"17","Post-graduate degree",NA,NA,"Asian",NA,NA,NA,NA,NA,NA,"Woman or female",NA,NA,NA,NA,NA,NA,NA,NA,"parents' attitude on his/her children's failure at school","Not sure","NA",93,NA,1
"94",2021-11-20 02:27:11,2021-11-20 02:38:53,"IP Address",100,702,TRUE,2021-11-20 02:38:53,"anonymous","EN",1,1,1,1,1,4,3,2,5,5,2,2,3,2,1,4,NA,NA,NA,NA,NA,NA,NA,NA,NA,NA,6,6,6,6,6,2,3,4,1,5,6,5,5,1,6,1,6,3,4,2,5,1,35,"1,5","College degree",NA,NA,NA,NA,NA,"White",NA,NA,NA,NA,"Man or male",NA,NA,NA,NA,NA,NA,NA,"How we view failure and how we react to it.","Not sure","NA",94,NA,1
"95",2021-11-20 04:20:00,2021-11-20 04:36:14,"IP Address",100,974,TRUE,2021-11-20 04:36:15,"anonymous","EN",6,6,5,6,1,4,3,2,5,4,5,6,4,1,2,3,5,4,5,5,6,1,2,3,4,5,NA,NA,NA,NA,NA,NA,NA,NA,NA,NA,6,6,6,2,2,6,1,6,3,2,4,5,8,"12","Post-graduate degree",NA,NA,NA,NA,NA,"White",NA,NA,NA,"Woman or female",NA,NA,NA,NA,NA,NA,NA,NA,"It is an educational and experiential study. Thank you..","Yes","Yes",95,1,NA
"96",2021-11-20 02:06:27,2021-11-20 02:15:21,"IP Address",100,534,TRUE,2021-11-20 02:15:21,"anonymous","EN",6,5,5,5,4,3,1,2,2,4,4,4,3,4,2,1,6,6,3,6,6,1,3,5,4,2,NA,NA,NA,NA,NA,NA,NA,NA,NA,NA,6,6,5,3,2,4,1,2,6,3,4,5,8,"2","College degree",NA,NA,NA,"Black or African American",NA,NA,NA,NA,NA,NA,"Man or male",NA,NA,NA,NA,NA,NA,NA,"It made me think a lot about lot about my personal and kids experiences towards learning and failure","No","NA",96,1,NA
"97",2021-11-20 02:12:38,2021-11-20 02:23:24,"IP Address",100,645,TRUE,2021-11-20 02:23:24,"anonymous","EN",5,6,4,6,4,3,1,2,1,1,1,6,2,1,3,4,3,3,3,1,4,4,5,2,1,3,NA,NA,NA,NA,NA,NA,NA,NA,NA,NA,6,6,4,5,6,4,2,3,5,1,4,6,8,NA,"College degree",NA,NA,NA,"Black or African American",NA,NA,NA,NA,NA,NA,"Man or male",NA,NA,NA,NA,NA,NA,NA,"math and science , and children's performance in class","No","NA",97,1,NA
"98",2021-11-20 03:34:38,2021-11-20 03:54:43,"IP Address",100,1205,TRUE,2021-11-20 03:54:43,"anonymous","EN",5,4,4,6,3,4,1,2,2,2,5,5,3,1,4,2,6,5,6,6,4,3,5,1,2,4,NA,NA,NA,NA,NA,NA,NA,NA,NA,NA,4,4,4,4,4,4,5,4,3,6,1,2,5,"10","College degree",NA,NA,NA,NA,NA,"White",NA,NA,NA,"Woman or female",NA,NA,NA,NA,NA,NA,NA,NA,"To see what I'd assume about failure initially and then see if my perception changed after being presented with a scenario about failure as a child.","Yes","Yes",98,1,NA
"99",2021-11-20 02:16:58,2021-11-20 02:25:30,"IP Address",100,511,TRUE,2021-11-20 02:25:30,"anonymous","EN",4,3,3,5,1,3,4,2,2,3,4,5,1,4,3,2,3,3,2,3,1,2,1,4,3,5,NA,NA,NA,NA,NA,NA,NA,NA,NA,NA,4,5,5,2,5,1,3,6,4,2,5,1,17,NA,"College degree",NA,NA,NA,NA,NA,"White",NA,NA,NA,NA,"Man or male",NA,NA,NA,NA,NA,NA,NA,"about how failure affects our growth and how to cope with our kids failing","Not sure","NA",99,1,NA
"100",2021-11-20 02:21:29,2021-11-20 02:26:03,"IP Address",100,273,TRUE,2021-11-20 02:26:03,"anonymous","EN",4,4,4,2,2,1,3,4,5,4,5,4,1,2,3,4,4,5,4,5,5,2,1,4,5,3,NA,NA,NA,NA,NA,NA,NA,NA,NA,NA,5,4,5,4,4,4,1,2,3,5,6,4,8,"6","Post-graduate degree","Hispanic, Latino, or Spanish origin",NA,NA,NA,NA,NA,NA,NA,NA,NA,"Man or male",NA,NA,NA,NA,NA,NA,NA,"
I thought it was about experiences in raising children, but it was something more focused on experiences from school","No","NA",100,1,NA
"101",2021-11-20 02:16:09,2021-11-20 02:23:55,"IP Address",100,466,TRUE,2021-11-20 02:23:55,"anonymous","EN",6,6,3,4,1,2,3,4,2,3,5,6,3,4,1,2,4,2,5,5,4,3,5,1,4,2,NA,NA,NA,NA,NA,NA,NA,NA,NA,NA,4,4,4,4,2,4,3,2,5,4,6,1,8,"I don´t have more childrens","Post-graduate degree","Hispanic, Latino, or Spanish origin",NA,NA,NA,NA,NA,NA,NA,NA,NA,"Man or male",NA,NA,NA,NA,NA,NA,NA,"It was about how the parents react to our children's education and failures.","Yes","Yes",101,1,NA
"102",2021-11-20 02:17:43,2021-11-20 02:30:11,"IP Address",100,748,TRUE,2021-11-20 02:30:11,"anonymous","EN",5,4,3,4,3,2,1,4,2,2,4,5,2,3,1,4,3,4,5,4,3,1,2,5,3,4,NA,NA,NA,NA,NA,NA,NA,NA,NA,NA,4,5,3,2,2,3,5,1,4,6,2,3,7,NA,"College degree","Hispanic, Latino, or Spanish origin",NA,NA,NA,NA,NA,NA,NA,NA,NA,"Man or male",NA,NA,NA,NA,NA,NA,NA,"About reactions that parents have when their children make mistakes and we see their reaction","No","NA",102,1,NA
"103",2021-11-20 03:52:51,2021-11-20 04:03:49,"IP Address",100,658,TRUE,2021-11-20 04:03:49,"anonymous","EN",1,6,6,5,4,1,2,3,3,3,4,4,4,3,1,2,NA,NA,NA,NA,NA,NA,NA,NA,NA,NA,6,6,6,6,6,1,3,4,5,2,6,5,5,1,1,1,1,6,3,5,4,2,15,"1, 2, 12, 19","College degree",NA,NA,NA,NA,NA,"White",NA,NA,NA,"Woman or female",NA,NA,NA,NA,NA,NA,NA,NA,"Patenting techniques","No","NA",103,NA,1
"104",2021-11-20 02:08:31,2021-11-20 02:43:00,"IP Address",100,2069,TRUE,2021-11-20 02:43:00,"anonymous","EN",4,3,5,5,1,4,3,2,1,3,6,6,3,2,1,4,6,6,6,5,4,3,4,1,5,2,NA,NA,NA,NA,NA,NA,NA,NA,NA,NA,3,4,1,4,3,6,5,3,1,2,4,6,6,"3","A high school degree",NA,NA,NA,"Black or African American",NA,NA,NA,NA,NA,NA,"Man or male",NA,NA,NA,NA,NA,NA,NA,"checking people's perception and reaction about failure","Yes","Yes",104,1,NA
"105",2021-11-20 04:09:29,2021-11-20 04:14:25,"IP Address",100,296,TRUE,2021-11-20 04:14:26,"anonymous","EN",6,6,4,4,2,3,4,1,3,3,4,3,4,2,1,3,4,5,3,5,5,5,1,3,2,4,NA,NA,NA,NA,NA,NA,NA,NA,NA,NA,4,4,3,2,3,5,3,6,4,5,2,1,16,"21 20","College degree",NA,NA,NA,NA,NA,"White",NA,NA,NA,"Woman or female",NA,NA,NA,NA,NA,NA,NA,NA,"Reaction to failure","No","NA",105,1,NA
"106",2021-11-20 04:16:00,2021-11-20 04:27:36,"IP Address",100,696,TRUE,2021-11-20 04:27:36,"anonymous","EN",6,5,4,6,2,4,1,3,2,2,5,5,3,1,2,4,1,3,2,2,3,2,5,4,1,3,NA,NA,NA,NA,NA,NA,NA,NA,NA,NA,5,4,4,2,2,2,1,6,2,5,4,3,21,"29,28,26","A high school degree",NA,NA,NA,NA,NA,"White",NA,NA,NA,"Woman or female",NA,NA,NA,NA,NA,NA,NA,NA,"To see if failure  would inhibit learning","No","NA",106,1,NA
"107",2021-11-20 02:11:46,2021-11-20 02:19:03,"IP Address",100,436,TRUE,2021-11-20 02:19:04,"anonymous","EN",4,5,6,6,3,4,2,1,2,2,6,4,2,4,3,1,NA,NA,NA,NA,NA,NA,NA,NA,NA,NA,6,6,6,6,6,2,3,4,1,5,6,6,6,1,1,1,1,3,6,4,5,2,17,"21, 19","College degree",NA,NA,NA,NA,NA,"White",NA,NA,NA,NA,"Man or male",NA,NA,NA,NA,NA,NA,NA,"To stop focussing on the negative view of failure and flip it to be a learning experience.","Yes","Yes",107,NA,1
"108",2021-11-20 02:15:25,2021-11-20 02:21:17,"IP Address",100,352,TRUE,2021-11-20 02:21:17,"anonymous","EN",2,1,2,2,2,3,4,1,2,1,4,4,1,2,3,4,NA,NA,NA,NA,NA,NA,NA,NA,NA,NA,6,6,6,6,6,3,2,5,4,1,6,6,4,1,2,1,2,3,4,1,6,5,2,NA,"College degree",NA,NA,NA,"Black or African American",NA,NA,NA,NA,NA,NA,"Man or male",NA,NA,NA,NA,NA,NA,NA,"It was nice","No","NA",108,NA,1
"109",2021-11-20 03:44:44,2021-11-20 03:49:43,"IP Address",100,298,TRUE,2021-11-20 03:49:43,"anonymous","EN",6,5,5,5,2,1,3,4,2,3,5,5,1,4,2,3,4,4,4,3,2,2,5,4,1,3,NA,NA,NA,NA,NA,NA,NA,NA,NA,NA,4,4,4,3,4,2,6,1,3,4,5,2,18,"21","College degree","Hispanic, Latino, or Spanish origin",NA,NA,NA,NA,NA,NA,NA,NA,"Woman or female",NA,NA,NA,NA,NA,NA,NA,NA,"guilt, shame and responsibility","Yes","Yes",109,1,NA
"110",2021-11-20 02:19:22,2021-11-20 02:27:43,"IP Address",100,500,TRUE,2021-11-20 02:27:43,"anonymous","EN",2,2,1,1,2,4,3,1,4,4,4,3,1,3,2,4,NA,NA,NA,NA,NA,NA,NA,NA,NA,NA,5,5,5,5,5,1,2,3,4,5,3,5,4,4,3,3,2,4,3,1,6,5,4,NA,"College degree",NA,NA,NA,NA,NA,"White",NA,NA,NA,NA,"Man or male",NA,NA,NA,NA,NA,NA,NA,"Trying to understand what do parents feel when their children fails and maybe they can learn from failure as we did when we were young","No","NA",110,NA,1
"111",2021-11-20 03:34:29,2021-11-20 03:50:46,"IP Address",100,977,TRUE,2021-11-20 03:50:46,"anonymous","EN",5,5,4,5,3,1,2,4,3,3,5,4,2,4,1,3,NA,NA,NA,NA,NA,NA,NA,NA,NA,NA,5,4,4,4,4,2,5,4,1,3,4,5,4,4,3,4,4,6,3,2,5,1,17,NA,"Post-graduate degree",NA,NA,NA,NA,NA,"White",NA,NA,NA,"Woman or female",NA,NA,NA,NA,NA,NA,NA,NA,"Opinions on failure","No","NA",111,NA,1
"112",2021-11-20 02:14:59,2021-11-20 02:23:54,"IP Address",100,535,TRUE,2021-11-20 02:23:55,"anonymous","EN",4,4,4,5,2,3,4,1,2,3,4,5,4,3,1,2,3,3,2,3,4,3,5,1,2,4,NA,NA,NA,NA,NA,NA,NA,NA,NA,NA,4,4,5,4,4,3,6,2,5,3,1,4,7,"6,1","Post-graduate degree",NA,NA,NA,"Black or African American",NA,NA,NA,NA,NA,NA,"Man or male",NA,NA,NA,NA,NA,NA,NA,"pretty cool.","Yes","Yes",112,1,NA
"113",2021-11-20 04:27:45,2021-11-20 04:36:13,"IP Address",100,508,TRUE,2021-11-20 04:36:13,"anonymous","EN",5,5,5,6,2,4,3,1,2,2,5,5,4,1,2,3,NA,NA,NA,NA,NA,NA,NA,NA,NA,NA,5,5,6,6,5,4,1,5,2,3,5,4,5,1,2,1,1,5,3,6,2,4,18,NA,"College degree",NA,NA,NA,"Black or African American",NA,NA,NA,NA,NA,"Woman or female",NA,NA,NA,NA,NA,NA,NA,NA,"It was about learning how different individuals view the role played by failure in one's life","Yes","Yes",113,NA,1
"114",2021-11-20 02:19:13,2021-11-20 02:26:27,"IP Address",100,434,TRUE,2021-11-20 02:26:27,"anonymous","EN",6,1,3,3,3,1,4,2,2,3,3,3,3,1,4,2,NA,NA,NA,NA,NA,NA,NA,NA,NA,NA,6,6,5,6,5,2,3,5,4,1,4,5,5,3,1,2,6,3,4,5,1,2,3,NA,"College degree","Hispanic, Latino, or Spanish origin",NA,NA,NA,NA,NA,NA,NA,NA,NA,"Man or male",NA,NA,NA,NA,NA,NA,NA,"How we perceive failure in ourselves.","Not sure","NA",114,NA,1
"115",2021-11-20 02:07:53,2021-11-20 02:23:45,"IP Address",100,952,TRUE,2021-11-20 02:23:45,"anonymous","EN",5,5,4,6,1,4,3,2,1,3,6,5,2,4,3,1,6,6,4,5,4,4,2,3,1,5,NA,NA,NA,NA,NA,NA,NA,NA,NA,NA,6,5,3,2,1,6,4,1,2,5,3,6,7,NA,"College degree",NA,NA,NA,"Black or African American",NA,NA,NA,NA,NA,NA,"Man or male",NA,NA,NA,NA,NA,NA,NA,"I think it was to learn and understand how people react to fail and how they go about it.","Yes","Yes",115,1,NA
"116",2021-11-20 03:34:53,2021-11-20 03:42:26,"IP Address",100,453,TRUE,2021-11-20 03:42:27,"anonymous","EN",5,6,5,5,1,2,3,4,3,3,4,4,2,4,3,1,NA,NA,NA,NA,NA,NA,NA,NA,NA,NA,5,5,5,5,5,5,1,3,2,4,4,4,4,3,3,3,1,5,6,2,4,3,13,NA,"A high school degree",NA,NA,NA,NA,NA,"White",NA,NA,NA,NA,NA,NA,NA,"Genderqueer, gender fluid, or non-binary",NA,NA,NA,NA,"how people see and deal with failure, and how they handle their children's failures in comparison with their own beliefs","Not sure","NA",116,NA,1
"117",2021-11-20 02:15:27,2021-11-20 02:40:53,"IP Address",100,1525,TRUE,2021-11-20 02:40:53,"anonymous","EN",5,5,5,4,1,2,3,4,4,5,4,3,4,3,1,2,4,4,2,4,4,2,4,3,1,5,NA,NA,NA,NA,NA,NA,NA,NA,NA,NA,5,5,5,5,2,2,4,6,1,2,5,3,4,"2","A high school degree",NA,NA,NA,"Black or African American",NA,NA,NA,NA,NA,NA,"Man or male",NA,NA,NA,NA,NA,NA,NA,"Behavior on your child's failure","Yes","Yes",117,1,NA
"118",2021-11-20 03:57:04,2021-11-20 04:01:34,"IP Address",100,270,TRUE,2021-11-20 04:01:35,"anonymous","EN",2,2,1,2,3,1,4,2,2,3,4,5,2,4,1,3,4,4,4,4,4,5,1,2,3,4,NA,NA,NA,NA,NA,NA,NA,NA,NA,NA,2,3,3,4,2,4,2,3,6,5,4,1,2,"na","A high school degree",NA,NA,NA,NA,NA,"White",NA,NA,NA,"Woman or female",NA,NA,NA,NA,NA,NA,NA,NA,"learning how people perceive failure","Yes","Yes",118,1,NA
"119",2021-11-20 02:19:04,2021-11-20 02:44:32,"IP Address",100,1528,TRUE,2021-11-20 02:44:33,"anonymous","EN",4,4,5,6,2,4,1,3,3,5,6,5,2,1,4,3,NA,NA,NA,NA,NA,NA,NA,NA,NA,NA,6,5,6,6,5,2,5,3,4,1,4,5,5,3,2,2,3,2,6,1,5,4,10,NA,"A high school degree",NA,NA,NA,"Black or African American",NA,NA,NA,NA,NA,NA,"Man or male",NA,NA,NA,NA,NA,NA,NA,"this experiment is about checking parents response towards their school results","Yes","Yes",119,NA,1
